STATE,ST_CASE,VE_TOTAL,VE_FORMS,PVH_INVL,PEDS,PERNOTMVIT,PERMVIT,PERSONS,COUNTY,CITY,DAY,MONTH,YEAR,DAY_WEEK,HOUR,MINUTE,NHS,RUR_URB,FUNC_SYS,RD_OWNER,ROUTE,TWAY_ID,TWAY_ID2,MILEPT,LATITUDE,LONGITUD,SP_JUR,HARM_EV,MAN_COLL,RELJCT1,RELJCT2,TYP_INT,WRK_ZONE,REL_ROAD,LGT_COND,WEATHER1,WEATHER2,WEATHER,SCH_BUS,RAIL,NOT_HOUR,NOT_MIN,ARR_HOUR,ARR_MIN,HOSP_HR,HOSP_MN,CF1,CF2,CF3,FATALS,DRUNK_DR
25,250185,4,4,0,0,0,10,10,27,1204,8,8,2016,2,23,49,1,1,1,1,1,I-90 W,,99998,42.27593333,-71.534097220000,0,12,2,0,1,1,0,1,2,1,0,1,0,0000000,99,99,99,99,99,99,0,0,0,1,1
25,250186,1,1,0,1,1,1,1,25,200,4,6,2016,7,22,15,0,2,4,4,8,WASHINGTON AVE,,99998,42.40540833,-71.035241670000,0,8,0,0,1,1,0,1,3,1,0,1,0,0000000,22,8,22,15,22,37,0,0,0,1,0
25,250187,2,2,0,0,0,2,2,11,450,9,6,2016,5,7,31,0,2,4,4,8,ELM ST,HALL AVE,99998,42.59836944,-72.611213890000,0,12,6,0,2,3,0,1,1,1,0,1,0,0000000,99,99,99,99,99,99,0,0,0,1,0
25,250188,1,1,0,0,0,1,1,27,390,10,6,2016,6,4,0,0,2,4,1,3,SR-2A EAST BROADWAY,,99998,42.55361944,-71.974683330000,0,42,0,0,1,1,0,5,3,1,0,1,0,0000000,4,9,4,14,88,88,0,0,0,1,1
25,250189,2,2,0,0,0,2,2,5,320,14,6,2016,3,11,20,0,2,4,4,3,SR-81 PLYMOUTH AVE,PECKHAM ST,99998,41.68725833,-71.161422220000,0,12,1,0,3,2,0,1,1,1,0,1,0,0000000,11,21,11,31,11,57,0,0,0,1,0
25,250190,2,2,0,0,0,3,3,5,1441,27,6,2016,2,8,4,0,2,4,1,3,SR-177 AMERICAN LEGION HIGHWAY,,99998,41.62901111,-71.131163890000,0,12,2,0,1,1,0,1,1,1,0,1,0,0000000,99,99,99,99,99,99,0,0,0,1,0
25,250191,2,2,0,0,0,4,4,9,892,12,7,2016,3,17,25,0,2,4,4,3,SR-133 GREAT POND ROAD,,99998,42.71328056,-71.090930560000,0,12,2,0,1,1,0,1,1,1,0,1,0,0000000,99,99,99,99,99,99,0,0,0,1,0
25,250192,2,2,0,0,0,2,2,5,50,15,7,2016,6,14,54,0,2,4,1,2,US-1 WASHINGTON ST,,99998,41.92596389,-71.355888890000,0,12,6,0,8,1,0,1,1,1,0,1,0,0000000,14,52,14,55,15,24,0,0,0,1,0
25,250193,2,2,0,0,0,3,3,9,765,19,7,2016,3,7,9,0,2,7,4,8,BERKELEY ST,EAST BROOK PLACE,99998,42.72380833,-71.165477780000,0,12,6,0,2,2,0,1,1,1,0,1,0,0000000,99,99,99,99,99,99,0,0,0,1,0
25,250194,2,1,1,0,0,1,1,15,30,2,8,2016,3,17,10,1,2,3,1,8,SOUTH PLEASANT ST,,99998,42.36601389,-72.520397220000,0,14,0,0,1,1,0,2,1,1,0,1,0,0000000,17,10,17,13,17,47,0,0,0,1,0
25,250195,1,1,0,1,1,1,1,17,1275,3,8,2016,4,9,28,1,2,3,3,8,MAIN ST,,99998,42.49696944,-71.100775000000,0,8,0,0,1,1,0,1,1,1,0,1,0,0000000,99,99,99,99,99,99,0,0,0,1,0
25,250196,2,2,0,0,0,3,3,1,962,4,8,2016,5,9,5,0,2,4,3,8,MAIN ST,ROCK HARBOR RD,99998,41.78529444,-69.985855560000,0,12,6,0,8,1,0,1,1,1,0,1,0,0000000,9,5,9,9,9,51,0,0,0,1,0
25,250197,1,1,0,0,0,1,1,27,477,12,8,2016,6,1,3,0,2,6,3,8,GREENWICH ROAD,,99998,42.35272222,-72.204638890000,0,30,0,0,1,1,0,4,2,1,0,1,0,0000000,1,3,1,25,88,88,0,0,0,1,0
25,250198,1,1,0,0,0,1,1,1,355,18,8,2016,5,0,21,1,2,3,4,3,SR-130 FORESTDALE ROAD,DOGWOOD DR,99998,41.69051944,-70.501819440000,0,42,0,0,1,1,0,4,2,10,0,10,0,0000000,99,99,99,99,99,99,0,0,0,1,0
25,250199,1,1,0,0,0,2,2,27,1439,21,8,2016,1,13,0,0,2,4,1,3,SR-2A MAIN ST,STATE ROAD EAST,99998,77.77770000,777.777700000000,0,59,0,0,3,2,0,4,1,1,0,1,0,0000000,12,56,13,2,13,39,99,99,99,1,0
25,250200,1,1,0,0,0,1,1,5,1441,29,8,2016,2,0,59,0,2,3,1,2,US-6 STATE ROAD,,99998,41.67126389,-71.101661110000,0,59,0,0,1,1,0,3,3,1,0,1,0,0000000,99,99,99,99,99,99,0,0,0,1,0
25,250201,1,1,0,0,0,1,1,17,680,6,9,2016,3,15,35,0,2,5,4,8,488 ELM STREET,,99998,42.34713611,-71.579550000000,0,33,0,0,1,1,0,4,1,10,2,2,0,0000000,15,28,15,32,88,88,0,0,0,1,0
25,250202,2,1,1,0,1,2,3,9,122,10,9,2016,7,17,53,1,2,1,1,1,I-95,,99998,77.77770000,777.777700000000,0,14,0,0,1,1,0,4,1,1,0,1,0,0000000,18,1,18,15,18,41,0,0,0,1,1
25,250203,1,1,0,1,1,1,1,9,255,13,9,2016,3,6,57,0,2,4,4,8,80 HOBART STREET,,99998,42.56582778,-70.947041670000,0,8,0,0,1,1,0,1,1,1,0,1,0,0000000,6,58,7,1,7,19,0,0,0,1,0
25,250204,1,1,0,0,0,1,1,13,210,14,9,2016,4,19,15,1,2,3,1,3,SR-33 350 MEMORIAL DRIVE,FULLER ROAD,99998,42.16771111,-72.579511110000,0,33,0,1,3,2,0,5,5,1,0,1,0,0000000,19,15,19,18,19,46,0,0,0,1,0
25,250205,1,1,0,0,0,1,1,9,760,28,9,2016,4,13,52,0,2,4,1,3,SR-110 WEST MAIN ST,,99998,42.82881389,-71.008375000000,0,33,0,0,1,1,0,4,1,10,0,10,0,0000000,13,53,13,57,14,26,0,0,0,1,0
25,250206,1,1,0,0,0,1,1,21,1063,2,10,2016,1,23,58,1,2,3,1,1,I-93 S,EXIT RAMP,410,42.20569722,-71.067088890000,0,43,0,0,5,1,0,5,3,10,0,10,0,0000000,99,99,99,99,99,99,0,0,0,1,1
25,250207,1,1,0,0,0,1,1,17,36,17,9,2016,7,19,30,0,2,7,3,8,CEDAR ST,,99998,42.24963333,-71.439294440000,0,17,0,0,1,1,0,4,2,1,0,1,0,0000000,19,25,19,27,19,58,0,0,0,1,1
25,250208,1,1,0,1,1,1,1,23,1360,3,10,2016,2,20,25,0,2,4,1,3,SR-28 CRANBERRY HWY,,99998,41.79026944,-70.752622220000,0,8,0,0,1,1,0,1,3,1,0,1,0,0000000,99,99,99,99,99,99,0,0,0,1,0
25,250209,1,1,0,0,0,2,2,13,1430,15,10,2016,7,23,35,0,2,7,4,8,RUSSELVILLE RD,CABOT ROAD,99998,42.16435833,-72.761475000000,0,42,0,0,3,3,0,5,3,1,0,1,0,0000000,23,30,23,35,99,99,0,0,0,1,1
25,250210,1,1,0,0,0,5,5,3,203,7,10,2016,6,0,52,0,1,7,3,8,FRED MASON ROAD,,99998,42.59026389,-73.150100000000,0,42,0,0,1,1,0,5,2,1,0,1,0,0000000,0,50,0,58,1,27,0,0,0,1,0
25,250211,1,1,0,1,1,1,1,17,105,21,9,2016,4,19,7,1,2,3,1,3,SR-3A BOSTON ROAD,GROVE ST,99998,42.53022500,-71.228427780000,0,8,0,0,2,3,0,1,5,10,0,10,0,0000000,19,13,19,16,19,42,0,0,0,1,0
25,250212,1,1,0,0,0,1,1,27,350,15,10,2016,7,18,30,0,2,3,4,8,PRATT ROAD,,99998,42.57503333,-71.813986110000,0,30,0,0,1,1,0,4,3,1,0,1,0,0000000,18,27,19,13,19,34,0,0,0,1,1
25,250213,2,2,0,0,0,6,6,25,120,31,8,2016,4,1,15,1,2,1,1,1,I-90 E,,1376,42.34657500,-71.061916670000,0,12,1,0,1,1,0,1,3,1,0,1,0,0000000,99,99,99,99,99,99,99,99,99,2,1
25,250214,2,2,0,0,0,2,2,21,1060,4,10,2016,3,21,41,0,2,7,4,8,LIBERTY ST,QUINCY ST,99998,42.23918611,-71.007261110000,0,12,1,0,2,2,0,1,3,1,0,1,0,0000000,99,99,99,99,99,99,0,0,0,1,2
25,250215,2,2,0,0,0,2,2,1,330,11,10,2016,3,13,43,0,2,4,3,8,GIFFORD ST,,99998,41.56695833,-70.607950000000,0,12,2,0,1,1,0,1,1,1,0,1,0,0000000,13,41,13,45,88,88,0,0,0,1,0
25,250216,2,2,0,0,0,2,2,5,1268,16,10,2016,1,99,99,0,2,4,4,8,MAPLE AVE,,99998,41.75178889,-71.224936110000,0,54,11,0,1,1,0,1,1,1,0,1,0,0000000,99,99,99,99,99,99,14,0,0,1,1
25,250217,1,1,0,1,1,1,1,23,140,18,10,2016,3,18,42,1,2,3,4,3,SR-123 MAIN ST,,99998,42.05967222,-71.014111110000,0,9,0,0,1,1,0,2,1,1,0,1,0,0000000,99,99,99,99,99,99,0,0,0,1,0
25,250218,1,1,0,2,2,1,1,17,1340,18,10,2016,3,6,51,0,2,4,3,8,WYMAN ST,,99998,42.40401667,-71.258200000000,0,8,0,0,1,1,0,1,4,10,0,10,0,0000000,99,99,99,99,99,99,0,0,0,1,0
25,250219,1,1,0,0,0,2,2,27,533,22,10,2016,7,2,49,0,2,7,3,8,MT. JEFFERSON RD,,99998,42.50311667,-72.040025000000,0,42,0,0,1,1,0,4,2,2,0,2,0,0000000,99,99,99,99,99,99,0,0,0,1,0
25,250221,1,1,0,0,0,1,1,13,1430,8,7,2016,6,99,99,1,2,3,1,2,US-20 RUSSELL ROAD,,99998,42.12756111,-72.776322220000,0,42,0,0,1,1,0,5,1,10,0,10,0,0000000,18,14,18,18,18,48,0,0,0,1,1
25,250222,1,1,0,1,1,2,2,1,330,22,10,2016,7,18,44,0,2,3,1,3,SR-151 NATHAN ELLIS HGWY,,99998,41.52938889,-70.665791670000,0,8,0,0,1,1,0,1,2,1,0,1,0,0000000,18,48,18,50,19,24,0,0,0,1,0
25,250223,2,2,0,0,0,3,3,27,745,24,8,2016,4,99,99,1,2,3,1,3,SR- 140 CAPE ROAD,BATES STREET,99998,42.09737222,-71.502044440000,0,12,98,0,2,3,0,1,1,1,0,1,1,0000000,99,99,99,99,99,99,0,0,0,2,0
25,250224,2,2,0,0,0,4,4,5,1441,23,10,2016,1,13,47,0,2,7,3,8,HIGHLAND AVE,,99998,41.65628889,-71.056263890000,0,12,6,0,8,1,0,1,1,1,0,1,0,0000000,99,99,99,99,99,99,0,0,0,1,0
25,250225,1,1,0,0,0,1,1,27,780,27,10,2016,5,99,99,0,2,7,4,8,FORTUNE BLVD,,99998,42.15960278,-71.499441670000,0,33,0,0,1,1,0,5,1,10,2,2,0,0000000,99,99,99,99,99,99,0,0,0,1,0
25,250226,2,2,0,0,0,5,5,23,770,24,10,2016,2,0,10,1,2,1,1,1,I-495 N,,99998,41.84570833,-70.846294440000,0,12,2,0,1,1,0,1,2,98,0,98,0,0000000,0,17,0,21,88,88,0,0,0,5,1
25,250227,1,1,0,0,0,1,1,27,1520,26,10,2016,4,23,31,1,2,3,4,8,GOLD STAR BLVD,,99998,42.29048333,-71.803469440000,0,59,0,0,1,1,0,4,3,1,0,1,0,0000000,23,35,23,36,88,88,0,0,0,1,0
25,250228,1,1,0,0,0,1,1,23,1360,27,10,2016,5,11,45,1,2,1,1,1,I-495 S,,16,41.79371111,-70.751158330000,0,42,0,0,1,1,0,3,1,10,0,10,0,0000000,11,42,11,55,12,15,0,0,0,1,0
25,250229,1,1,0,0,0,1,1,27,1269,29,10,2016,7,19,40,1,2,2,1,3,SR-146 S WORCESTER PROVIDENCE,,120,42.13163611,-71.701969440000,0,59,0,0,1,1,0,5,2,1,0,1,0,0000000,19,47,20,18,20,35,0,0,0,1,0
25,250230,2,1,1,0,0,3,3,13,210,30,10,2016,1,1,46,1,2,3,4,3,SR-141 GRATTAN ST,,99998,42.16249167,-72.586930560000,0,14,0,0,1,1,0,2,3,1,0,1,0,0000000,1,47,2,0,2,43,0,0,0,1,0
25,250231,1,1,0,0,0,1,1,17,157,30,10,2016,1,16,21,1,2,1,1,1,I-95 N,,99998,42.47983611,-71.208419440000,0,24,0,0,1,1,0,4,1,10,0,10,0,0000000,16,18,16,24,16,51,0,0,0,1,0
25,250232,1,1,0,1,1,1,1,21,1060,30,10,2016,1,22,30,1,2,3,4,8,HANCOCK ST,HOLLIS AVE,99998,42.27543889,-71.027530560000,0,8,0,0,3,3,0,1,3,2,0,2,0,0000000,99,99,99,99,99,99,0,0,0,1,0
25,250233,2,2,0,0,0,2,2,13,1247,22,10,2016,7,15,33,1,2,3,3,3,SR-57 FEEDING HILLS RD,,99998,42.06549722,-72.740594440000,0,12,2,0,1,1,0,1,1,2,10,2,0,0000000,15,33,15,34,16,3,0,0,0,1,0
25,250234,2,2,0,0,0,3,3,1,1535,1,10,2016,7,22,40,0,2,4,3,8,BUCK ISLAND ROAD,,99998,41.66078889,-70.243775000000,0,12,6,0,1,1,0,1,3,2,0,2,0,0000000,99,99,99,99,99,99,0,0,0,2,1
25,250235,1,1,0,0,0,3,3,25,120,26,8,2016,6,3,0,1,2,2,1,3,SR-1A S,SUMNER TUNNEL I-93N,99998,42.36416944,-71.052788890000,0,26,0,1,3,4,0,4,3,1,0,1,0,0000000,3,16,3,21,99,99,0,0,0,1,1
25,250236,1,1,0,1,1,1,1,15,1034,28,10,2016,6,16,0,0,1,5,3,8,CENTRAL ST,,99998,42.49812778,-72.903583330000,0,8,0,0,1,1,0,1,1,1,0,1,1,0000000,99,99,99,99,99,99,0,0,0,1,0
25,250237,1,1,0,0,0,2,2,5,96,10,6,2016,6,22,43,0,2,7,3,8,JEROME ST,,99998,41.86325000,-71.074316670000,0,5,0,0,1,1,0,1,6,98,0,98,0,0000000,99,99,99,99,99,99,0,0,0,1,0
25,250238,2,2,0,0,0,3,3,23,462,16,10,2016,1,12,58,0,2,5,4,8,SOUTH ST,,99998,41.97490000,-70.865633330000,0,12,2,0,1,1,0,1,1,10,0,10,0,0000000,12,58,13,2,14,11,0,0,0,1,0
25,250239,1,1,0,0,0,2,2,23,140,1,5,2016,1,13,42,0,2,5,4,8,91 WEST STREET,MARLENE AVE,99998,42.08605556,-71.046655560000,0,33,0,0,3,2,0,5,1,10,2,2,0,0000000,99,99,99,99,99,99,0,0,0,1,0
25,250240,1,1,0,0,0,2,2,27,780,14,7,2016,5,3,30,1,2,1,1,1,I-495 S,,99998,42.16037778,-71.494944440000,0,42,0,0,1,1,0,5,2,1,0,1,0,0000000,99,99,99,99,99,99,0,0,0,1,1
25,250241,1,1,0,0,0,1,1,17,870,10,8,2016,4,2,5,1,2,1,1,1,I-95 N,,381,42.33129722,-71.254277780000,0,59,0,0,5,1,0,8,3,1,0,1,0,0000000,99,99,99,99,99,99,0,0,0,1,0
25,250242,1,1,0,0,0,5,5,5,251,29,5,2016,1,22,46,0,2,5,3,8,1214 OLD FALL RIVER ROAD,,99998,41.67938889,-71.062522220000,0,30,0,0,1,1,0,4,3,10,2,2,0,0000000,22,45,22,52,23,35,0,0,0,1,1
25,250243,1,1,0,0,0,4,4,25,120,5,7,2016,3,13,25,1,2,3,4,8,1630 VETERENS OF FOREIGN WARS,,99998,42.26588056,-71.168044440000,0,33,0,0,1,1,0,5,1,10,0,10,0,0000000,12,57,13,10,13,45,0,0,0,1,0
25,250244,1,1,0,0,0,1,1,5,251,12,7,2016,3,19,36,0,1,7,4,8,452 POTOMSKA ROAD,,99998,41.54340556,-70.982325000000,0,42,0,0,1,1,0,5,1,1,0,1,0,0000000,19,34,19,40,20,18,0,0,0,1,0
25,250245,2,2,0,0,0,3,3,5,850,29,7,2016,6,15,15,1,2,3,1,3,SR-140 N,,99998,41.65717500,-70.953030560000,0,12,1,0,1,1,0,1,1,1,0,1,0,0000000,99,99,99,99,99,99,0,0,0,1,0
25,250246,4,4,0,0,0,6,6,9,100,5,8,2016,6,15,22,1,2,2,1,3,SR-128 N EXIT 18,,99998,42.57361944,-70.860255560000,0,12,7,1,17,1,0,1,1,1,0,1,0,0000000,99,99,99,99,99,99,14,0,0,1,1
25,250247,1,1,0,0,0,1,1,27,98,21,8,2016,1,15,22,1,2,1,1,1,I-495 N OFF RAMP,,99998,42.39163611,-71.605691670000,0,39,0,1,5,1,0,4,1,1,0,1,0,0000000,15,25,15,36,88,88,0,0,0,1,1
25,250248,1,1,0,0,0,1,1,9,1000,13,7,2016,4,7,15,1,2,1,1,1,I-95 S,,99998,42.52833611,-70.978161110000,0,24,0,0,1,1,0,4,1,1,0,1,0,0000000,99,99,99,99,99,99,0,0,0,1,0
25,250249,1,1,0,0,0,2,2,13,114,1,9,2016,5,19,30,0,1,5,1,3,SR-23 OTIS STAGE RD,,99998,42.17148333,-72.993591670000,0,24,0,0,1,1,0,4,5,98,0,98,0,0000000,19,35,19,53,99,99,0,0,0,2,1
25,250250,2,2,0,0,0,2,2,5,1064,21,9,2016,4,19,0,1,2,1,1,1,I-495 S,,99998,41.16039722,-71.018536110000,0,12,7,0,1,1,0,1,2,1,0,1,0,0000000,99,99,99,99,99,99,0,0,0,1,0
25,250251,2,2,0,0,0,3,3,25,120,10,4,2016,1,19,45,1,2,3,4,8,SEAVER ST,ELM HILL AVE,99998,42.30759722,-71.088994440000,0,12,6,0,2,3,0,1,3,10,0,10,0,0000000,19,45,19,49,20,7,0,0,0,1,0
25,250252,1,1,0,1,1,1,1,17,720,25,9,2016,1,5,38,1,2,3,1,3,SR-16 W,,99998,42.40450556,-71.079544440000,0,8,0,0,1,1,0,1,3,1,0,1,0,0000000,99,99,99,99,99,99,0,0,0,1,0
25,250253,1,1,0,0,0,1,1,5,320,5,10,2016,4,6,15,1,2,2,1,3,SR-24 S,,99998,41.73001667,-71.116858330000,0,24,0,0,1,1,0,4,4,98,0,98,0,0000000,6,34,6,38,88,88,0,0,0,1,0
25,250254,1,1,0,1,1,1,1,23,564,16,10,2016,1,10,10,0,2,4,1,3,SR-18 BEDFORD ST,,99998,41.88615278,-70.955825000000,0,8,0,0,1,1,0,1,1,1,0,1,0,0000000,99,99,99,99,99,99,19,0,0,1,0
25,250255,2,2,0,0,0,4,4,27,185,10,7,2016,1,99,99,0,2,4,3,8,CENTER DEPOT RD,,99998,42.15938333,-71.974952780000,9,12,6,0,8,1,0,1,5,1,0,1,0,0000000,99,99,99,99,99,99,0,0,0,1,0
25,250256,1,1,0,1,1,1,1,27,1520,14,7,2016,5,8,45,0,2,7,4,8,ERNEST AVE,,99998,42.25420556,-71.766655560000,0,8,0,0,1,1,0,1,1,10,0,10,0,0000000,99,99,99,99,99,99,0,0,0,1,0
25,250257,1,1,0,0,0,2,2,13,210,1,11,2016,3,23,18,0,2,7,4,8,SHERIDAN ST,,99998,42.17643333,-72.568661110000,2,38,0,0,1,1,0,5,3,1,0,1,0,0000000,99,99,99,99,99,99,0,0,0,2,0
25,250258,1,1,0,2,2,1,1,17,1510,1,11,2016,3,19,1,0,2,3,4,8,COMMON ST,PLEASANT ST,99998,42.47929167,-71.152341670000,0,8,0,0,2,4,0,1,3,1,0,1,0,0000000,19,2,19,5,19,42,0,0,0,1,0
25,250259,1,1,0,0,0,6,6,27,1390,29,10,2016,7,1,30,1,2,1,1,1,I-90 W,,1015,42.23301944,-71.610513890000,0,17,0,0,1,1,0,5,2,1,0,1,0,0000000,99,99,99,99,99,99,0,0,0,1,1
25,250260,1,1,0,0,0,1,1,5,1133,4,11,2016,6,21,6,0,2,4,4,8,ARCADE AVE,,99998,41.82690278,-71.328144440000,0,30,0,0,1,1,0,4,3,1,0,1,0,0000000,21,8,21,15,21,43,20,0,0,1,0
25,250261,1,1,0,0,0,2,2,23,1040,6,11,2016,1,12,50,0,2,7,11,8,BARE HILL RD,,99998,41.88138333,-70.696033330000,0,1,0,0,1,1,0,1,1,2,0,2,0,0000000,99,99,99,99,99,99,0,0,0,1,0
25,250262,1,1,0,0,0,6,6,5,1441,6,11,2016,1,3,13,1,2,1,1,1,I-195,,99998,77.77770000,777.777700000000,0,26,0,0,1,1,0,3,3,1,0,1,0,0000000,99,99,99,99,99,99,0,0,0,1,1
25,250263,1,1,0,1,1,1,1,17,1282,6,11,2016,1,17,34,0,2,4,4,8,1009 SHAWSHEEN STREET,MILL STREET,99998,42.60127222,-71.194402780000,0,8,0,0,1,1,0,1,6,1,0,1,0,0000000,17,35,17,41,18,16,0,0,0,1,0
25,250264,1,1,0,1,1,1,1,5,1280,10,11,2016,5,23,31,0,2,4,4,3,SR-138 BROADWAY,WASHINGTON,99998,77.77770000,777.777700000000,0,9,0,0,3,3,0,1,3,1,0,1,0,0000000,99,99,99,99,99,99,0,0,0,1,0
25,250265,1,1,0,0,0,1,1,13,1270,11,11,2016,6,0,35,1,2,1,1,1,I-91,,99998,77.77770000,777.777700000000,0,33,0,0,1,1,0,4,3,10,0,10,0,0000000,0,38,0,56,1,23,20,0,0,1,1
25,250266,1,1,0,0,0,1,1,5,1441,13,11,2016,1,15,28,0,2,7,3,8,640 SODOM ROAD,,99998,41.59556111,-71.115508330000,0,42,0,0,1,1,0,5,1,1,0,1,0,0000000,15,30,15,37,16,21,0,0,0,1,0
25,250267,2,2,0,0,0,2,2,3,1274,18,11,2016,6,13,48,0,2,4,3,8,GLENDALE MIDDLE RD,GLENDALE RD,99998,42.28321667,-73.343975000000,0,12,6,0,2,2,0,1,1,1,0,1,0,0000000,13,53,14,6,14,37,0,0,0,1,0
25,250268,1,1,0,1,1,3,3,9,765,29,11,2016,3,13,41,1,2,3,1,3,SR-110 E,I-495 OFF RAMP,99998,42.72695833,-71.140294440000,0,9,0,1,2,3,0,1,1,10,0,10,0,0000000,99,99,99,99,99,99,0,0,0,1,0
25,250269,2,2,0,0,0,3,3,25,120,27,11,2016,1,0,40,1,2,1,1,1,I-93 N,,99998,42.29973333,-71.048008330000,0,24,0,1,5,1,0,4,3,98,0,98,0,0000000,0,42,0,49,99,99,0,0,0,1,1
25,250270,1,1,0,1,1,2,2,17,170,23,6,2016,5,12,17,0,2,4,4,8,CAMBRIDGE ST,,99998,42.37506667,-71.111105560000,0,9,0,0,1,1,0,1,1,1,0,1,0,0000000,12,18,12,20,99,99,16,0,0,1,0
25,250271,1,1,0,1,1,1,1,5,320,15,11,2016,3,16,48,0,2,7,4,3,SR-81 908 PLYMOUTH AVENUE,2ND STREET,99998,41.69099722,-71.158844440000,0,8,0,0,3,7,0,1,3,2,0,2,0,0000000,16,53,16,56,17,35,0,0,0,1,0
25,250272,2,2,0,0,0,2,2,21,370,24,11,2016,5,2,30,1,2,1,1,1,I-495 S,,344,42.03140833,-71.276583330000,0,12,2,0,1,1,0,1,2,1,0,1,0,0000000,2,16,2,24,99,99,0,0,0,1,1
25,250273,1,1,0,0,0,1,1,21,230,16,11,2016,4,15,17,0,2,7,4,8,77 FOREST AVE,,99998,42.24770000,-70.827755560000,0,31,0,0,1,1,0,5,1,10,0,10,0,0000000,15,19,15,27,15,50,0,0,0,1,0
25,250274,1,1,0,0,0,1,1,27,1390,18,11,2016,6,21,36,0,2,4,4,8,OTIS STREET,,99998,77.77770000,777.777700000000,0,42,0,0,1,1,0,5,6,1,0,1,0,0000000,21,40,21,44,22,5,0,0,0,1,1
25,250275,1,1,0,1,1,1,1,3,600,30,11,2016,4,15,20,0,1,7,3,8,302 HOUSATONIC STREET,,99998,42.35565278,-73.262058330000,0,8,0,0,1,1,0,2,1,2,0,2,0,0000000,15,30,15,32,88,88,0,0,0,1,0