STATE,ST_CASE,VE_TOTAL,VE_FORMS,PVH_INVL,PEDS,PERNOTMVIT,PERMVIT,PERSONS,COUNTY,CITY,DAY,MONTH,YEAR,DAY_WEEK,HOUR,MINUTE,NHS,RUR_URB,FUNC_SYS,RD_OWNER,ROUTE,TWAY_ID,TWAY_ID2,MILEPT,LATITUDE,LONGITUD,SP_JUR,HARM_EV,MAN_COLL,RELJCT1,RELJCT2,TYP_INT,WRK_ZONE,REL_ROAD,LGT_COND,WEATHER1,WEATHER2,WEATHER,SCH_BUS,RAIL,NOT_HOUR,NOT_MIN,ARR_HOUR,ARR_MIN,HOSP_HR,HOSP_MN,CF1,CF2,CF3,FATALS,DRUNK_DR
25,250276,3,3,0,0,0,3,3,13,1446,19,5,2016,5,20,30,1,2,3,1,2,US-5 RIVERDALE ST,ELM ST,99998,42.12475278,-72.625988890000,0,12,6,0,2,3,0,1,5,10,2,2,0,0000000,99,99,99,99,99,99,14,0,0,1,1
25,250277,2,2,0,0,0,2,2,13,1430,8,11,2016,3,19,34,1,2,3,1,2,US-20 E MAIN ST,DELMONT AVE,99998,42.11441389,-72.728161110000,0,12,6,0,2,2,0,1,3,1,0,1,0,0000000,19,38,19,42,20,8,0,0,0,1,1
25,250278,1,1,0,1,1,1,1,27,79,29,11,2016,3,16,43,0,1,4,1,3,SR-122 WORCESTER RD,,99998,42.40923333,-72.097758330000,0,8,0,0,1,1,0,1,6,2,0,2,0,0000000,99,99,99,99,99,99,0,0,0,1,1
25,250279,2,2,0,0,0,2,2,9,1114,9,11,2016,4,12,38,0,2,4,3,3,SR-286 COLLINS ST,,99998,42.87017778,-70.863741670000,0,12,2,0,1,1,0,1,1,10,0,10,0,0000000,12,37,12,43,99,99,0,0,0,1,0
25,250280,2,1,1,0,0,1,1,17,870,24,11,2016,5,20,9,1,2,3,4,3,SR-16 WATERTOWN ST,,99998,42.35196111,-71.219530560000,0,14,0,0,1,1,0,2,3,2,0,2,0,0000000,99,99,99,99,99,99,0,0,0,1,0
25,250281,4,4,0,0,0,4,4,27,1500,20,10,2016,5,5,51,1,2,3,1,3,SR-140 GARDNER ROAD,,99998,42.63079167,-72.007502780000,0,12,2,0,1,1,0,1,3,1,0,1,0,0000000,5,50,6,0,99,99,0,0,0,1,0
25,250282,2,2,0,0,0,3,3,21,1530,20,3,2016,1,14,17,0,2,4,1,3,SR-1A 1092 SOUTH ST,PREMIUM OUTLET BLVD,99998,42.06373611,-71.332952780000,0,12,6,0,3,2,0,1,1,10,0,10,0,0000000,99,99,99,99,99,99,0,0,0,1,0
25,250283,1,1,0,1,1,2,2,9,1267,3,12,2016,7,7,40,1,2,3,4,3,SR-129 HUMPHREY ST,,99998,42.46738611,-70.915461110000,0,8,0,0,1,1,0,1,1,1,0,1,0,0000000,99,99,99,99,99,99,0,0,0,1,0
25,250284,2,2,0,0,0,2,2,21,1035,29,8,2016,2,18,38,0,2,4,1,3,SR-1 23 WASHINGTON ST,,99998,42.00464722,-71.335252780000,0,12,6,0,1,1,0,1,1,1,0,1,0,0000000,99,99,99,99,99,99,0,0,0,1,1
25,250285,1,1,0,0,0,3,3,21,825,2,12,2016,6,3,30,1,2,3,1,3,SR-138 BRUSH HILL ROAD,,99998,42.26498056,-71.094322220000,0,42,0,0,1,1,0,5,3,1,0,1,0,0000000,3,46,3,47,4,2,0,0,0,2,1
25,250286,2,2,0,0,0,2,2,17,195,3,12,2016,7,6,40,1,2,1,1,1,I-495 N,,99998,42.60970833,-71.312630560000,0,12,2,0,1,1,0,1,1,1,0,1,0,0000000,99,99,99,99,99,99,0,0,0,1,0
25,250287,1,1,0,0,0,2,2,27,1283,10,12,2016,7,1,5,1,2,2,1,3,SR-2 E,,99998,42.56800833,-72.113588890000,0,21,0,0,1,1,0,3,2,1,0,1,0,0000000,99,99,99,99,99,99,0,0,0,2,1
25,250288,1,1,0,0,0,5,5,5,850,20,11,2016,1,99,99,0,2,4,4,8,COUNTY STREET,COVE STREET,99998,41.61699444,-70.922402780000,0,35,0,0,3,3,0,5,3,10,0,10,0,0000000,99,99,99,99,99,99,0,0,0,1,0
25,250289,1,1,0,1,1,1,1,23,475,5,12,2016,2,11,14,0,2,7,3,8,28 GEORGE WASHINGTON BOULEVARD,,99998,42.25595556,-70.864555560000,0,8,0,0,1,1,0,1,1,2,10,2,0,0000000,11,15,11,18,11,49,0,0,0,1,0
25,250290,2,2,0,0,0,2,2,5,850,14,12,2016,4,22,48,0,2,7,4,8,PLYMPTON ST,TARKILN HILL RD,99998,41.68116389,-70.923322220000,0,12,2,0,3,3,0,1,3,1,0,1,0,0000000,99,99,99,99,99,99,0,0,0,1,1
25,250291,2,2,0,0,0,2,2,5,850,6,12,2016,3,6,18,1,2,4,4,3,SR-140,,99998,77.77770000,777.777700000000,0,12,1,0,1,1,0,1,4,1,0,1,0,0000000,6,6,6,12,7,18,0,0,0,1,0
25,250292,1,1,0,1,1,1,1,5,850,8,12,2016,5,17,37,0,2,4,4,8,120 COVE STREET,MORTON COURT,99998,41.61659167,-70.919180560000,0,8,0,0,3,3,0,1,3,1,0,1,0,0000000,17,35,17,42,18,6,0,0,0,1,0
25,250293,1,1,0,0,0,1,1,21,1140,18,12,2016,1,1,45,1,2,1,1,1,I-95 N,,99998,77.77770000,777.777700000000,0,35,0,0,1,1,0,4,2,5,0,5,0,0000000,1,59,2,12,88,88,0,0,0,1,1
25,250294,1,1,0,0,0,3,3,5,320,11,12,2016,1,1,35,0,2,4,1,3,SR-24,,70,77.77770000,777.777700000000,0,42,0,0,1,1,0,5,2,1,0,1,0,0000000,1,46,1,49,2,16,0,0,0,2,1
25,250295,1,1,0,1,1,1,1,23,1085,21,12,2016,4,17,26,0,2,4,3,8,NORTH AVE,,99998,42.13155000,-70.923886110000,0,8,0,0,1,1,0,1,3,1,0,1,0,0000000,17,26,17,27,17,42,0,0,0,1,0
25,250296,1,1,0,0,0,2,2,1,330,22,12,2016,5,17,58,0,2,4,4,8,THOMAS B LANDERS RD,,99998,41.61451944,-70.607491670000,0,42,0,0,1,1,0,4,2,1,0,1,0,0000000,99,99,99,99,99,99,0,0,0,2,0
25,250297,2,2,0,0,0,3,3,17,1282,10,12,2016,7,12,25,0,2,5,4,8,352 CLARK TOAD,,99998,42.63688056,-71.272575000000,0,12,2,0,1,1,0,1,1,1,0,1,0,0000000,12,28,12,32,13,47,0,0,0,1,0
25,250298,1,1,0,1,1,1,1,17,660,22,12,2016,5,19,35,0,2,7,11,8,EAST BORDER RD,,99998,42.43798611,-71.081408330000,0,8,0,0,1,1,0,1,2,1,0,1,0,0000000,99,99,99,99,99,99,0,0,0,1,1
25,250299,1,1,0,1,1,2,2,25,1070,25,12,2016,1,18,26,1,2,3,1,3,SR-60 SQUIRE ROAD,,99998,42.42885278,-71.016769440000,0,8,0,0,1,1,0,1,2,1,0,1,0,0000000,99,99,99,99,99,99,0,0,0,1,0
25,250300,2,2,0,0,0,2,2,27,1172,19,11,2016,7,0,53,1,2,3,4,2,US-20 307 HARTFORD TURNPIKE,,99998,42.25218333,-71.717802780000,0,12,6,0,1,1,0,1,3,1,0,1,0,0000000,0,55,1,0,2,10,0,0,0,1,1
25,250301,2,2,0,0,0,2,2,1,330,28,12,2016,4,21,29,1,2,3,3,3,SR-151 NATHAN ELLIS HIGHWAY,CURRIER RD,99998,41.61876111,-70.539408330000,0,12,6,0,2,2,0,1,2,1,0,1,0,0000000,99,99,99,99,99,99,0,0,0,1,1
25,250302,1,1,0,0,0,1,1,23,560,23,12,2016,6,0,44,0,2,4,4,3,SR-3A 79 MAIN STREET,,99998,41.98639167,-70.705194440000,0,33,0,0,1,1,0,4,3,1,0,1,0,0000000,99,99,99,99,99,99,0,0,0,1,0
25,250303,1,1,0,0,0,1,1,17,1431,30,12,2016,6,20,25,1,2,1,1,1,I-495 S,,818,42.56985556,-71.425352780000,0,24,0,0,1,1,0,4,3,1,0,1,0,0000000,20,31,20,39,99,99,0,0,0,1,1
25,250304,1,1,0,0,0,1,1,5,385,30,12,2016,6,19,53,1,2,3,3,3,SR-79 RICHMOND RD,FORGE RD,99998,41.80172222,-71.052227780000,0,42,0,0,3,3,0,5,2,1,0,1,0,0000000,19,53,20,0,88,88,0,0,0,1,1
25,250305,2,2,0,0,0,4,4,5,299,30,12,2016,6,18,7,1,2,3,3,3,SR-123 DEPOT ST,,99998,42.02881667,-71.116519440000,0,12,2,0,1,1,0,1,3,1,0,1,0,0000000,17,49,17,55,18,35,0,0,0,3,1
25,250306,1,1,0,1,1,1,1,17,740,1,10,2016,7,5,15,0,2,7,3,8,70 LYNDE ST,,99998,42.45252222,-71.064344440000,0,8,0,0,1,1,0,1,3,2,0,2,0,0000000,99,99,99,99,99,99,0,0,0,1,0
25,250307,1,1,0,1,1,1,1,17,195,24,12,2016,7,3,18,1,2,1,1,1,I-495,,99998,42.61709722,-71.291325000000,0,8,0,0,1,1,0,1,3,1,0,1,0,0000000,3,22,3,30,99,99,0,0,0,1,0
25,250308,3,2,1,1,1,4,4,17,740,3,10,2016,2,17,29,0,2,5,4,8,174 HOWARD ST,,99998,42.46845000,-71.052144440000,0,8,0,0,1,1,0,1,1,1,0,1,0,0000000,99,99,99,99,99,99,0,0,0,1,0
25,250309,3,2,1,0,1,4,5,27,1520,17,8,2016,4,13,52,1,2,3,4,3,SR-9 PARK AVE,LOVELL ST,99998,42.24959444,-71.831650000000,0,12,7,0,1,1,2,1,1,1,0,1,0,0000000,99,99,99,99,99,99,0,0,0,1,0
25,250310,1,1,0,0,0,2,2,23,140,17,10,2016,2,0,28,0,2,4,4,8,OAK ST,BATTLES ST,99998,42.10086111,-71.035430560000,0,33,0,0,3,3,0,4,3,1,0,1,0,0000000,99,99,99,99,99,99,13,0,0,1,1
25,250311,2,2,0,0,0,2,2,17,261,12,10,2016,4,16,0,1,2,3,4,3,SR-38 BRIDGE ST,PLEASANT ST,99998,42.66893333,-71.303255560000,0,12,6,0,2,7,0,1,1,98,0,98,0,0000000,15,41,15,43,16,15,0,0,0,1,0
25,250312,4,4,0,0,0,8,8,5,1441,28,9,2016,4,8,10,1,2,1,1,1,I-195 E,,99998,41.67280556,-71.088983330000,0,12,2,0,1,1,0,1,1,1,0,1,0,0000000,99,99,99,99,99,99,0,0,0,3,0
25,250313,3,3,0,8,8,3,3,17,870,1,3,2016,3,18,12,1,2,3,4,8,1279 WASHINGTON ST,CHESTNUT ST,99998,42.34941667,-71.225925000000,0,12,99,0,3,3,0,1,3,1,0,1,0,0000000,99,99,99,99,99,99,0,0,0,2,0
25,250314,1,1,0,0,0,1,1,17,375,24,11,2016,5,16,57,0,2,4,1,8,EDGELL RD,,99998,42.32527222,-71.436652780000,0,30,0,0,1,1,0,4,3,10,0,10,0,0000000,99,99,99,99,99,99,0,0,0,1,0
25,250315,1,1,0,0,0,1,1,21,256,4,11,2016,6,11,10,0,2,5,4,8,EASTERN AVE,MAH WAY,99998,42.24542500,-71.171622220000,0,5,0,0,3,3,0,4,1,1,0,1,0,0000000,99,99,99,99,99,99,0,0,0,1,0
25,250316,1,1,0,1,1,1,1,3,1030,28,10,2016,6,23,43,0,2,7,4,8,300 TYLER STREET,COURTLAND PLACE,99998,42.45837500,-73.244075000000,0,8,0,0,3,3,0,1,2,1,0,1,0,0000000,23,43,23,47,23,55,0,0,0,1,0
25,250317,2,2,0,0,0,3,3,9,255,27,5,2016,6,99,99,0,2,4,4,8,FEDERAL ST,COLLINS ST,99998,42.55055556,-70.946866670000,0,12,6,0,2,2,0,1,3,1,0,1,0,0000000,99,99,99,99,99,99,99,99,99,1,0
25,250318,2,2,0,0,0,3,3,17,845,11,10,2016,3,21,6,0,2,4,3,8,SPEEN ST,TIMBER LN,99998,42.29604167,-71.376838890000,0,12,6,0,2,3,0,1,3,1,0,1,0,0000000,21,10,21,14,21,37,0,0,0,1,1
25,250319,1,1,0,1,1,1,1,9,570,21,9,2016,4,23,0,1,2,3,4,3,SR-114 435 WINTHROP AVE,,99998,42.67952778,-71.133663890000,0,8,0,0,1,1,0,1,6,98,0,98,0,0000000,99,99,99,99,88,88,19,0,0,1,0
25,250320,2,2,0,0,0,3,3,17,170,2,5,2016,2,13,25,1,2,3,1,3,SR-2 CONCORD TPKE,,99998,42.40007222,-71.150069440000,0,24,0,0,1,1,0,4,1,2,0,2,0,0000000,13,29,13,37,99,99,0,0,0,1,0
25,250321,4,4,0,2,2,8,8,27,980,30,5,2016,2,11,20,0,2,4,3,8,24 SUTTON AVE,,99998,42.11674444,-71.860841670000,0,12,1,0,1,1,0,1,1,10,0,10,0,0000000,99,99,99,99,99,99,0,0,0,2,0
25,250322,1,1,0,1,1,1,1,17,617,17,8,2016,4,12,52,0,2,5,3,8,VIRGINIA RD,,99998,42.45385000,-71.293880560000,0,9,0,0,1,1,0,1,1,1,0,1,0,0000000,99,99,99,99,99,99,0,0,0,1,0
25,250323,1,1,0,0,0,1,1,5,299,29,8,2016,2,15,17,1,2,3,3,3,SR-106 EASTMAN ST,,99998,42.02567500,-71.159300000000,0,40,0,0,5,1,0,4,1,1,0,1,0,0000000,99,99,99,99,99,99,0,0,0,1,0
25,250324,1,1,0,0,0,1,1,23,926,20,11,2016,1,23,38,0,2,5,3,8,170 SUMMER ST,,99998,42.18714722,-70.802325000000,0,42,0,0,1,1,0,4,2,10,0,10,0,0000000,99,99,99,99,99,99,0,0,0,1,1
25,250325,1,1,0,1,1,1,1,21,125,15,12,2016,5,17,0,0,2,7,4,8,COMMERCIAL ST,SHAW ST,99998,42.22127500,-70.970358330000,0,8,0,0,3,3,0,1,2,98,0,98,0,0000000,99,99,99,99,99,99,0,0,0,1,0
25,250326,1,1,0,1,1,1,1,25,120,12,1,2016,3,99,99,1,2,3,4,8,4593 WASHINGTON ST,,99998,42.27705556,-71.138427780000,0,8,0,0,1,1,0,1,5,4,0,4,0,0000000,16,43,16,51,17,24,0,0,0,1,0
25,250327,1,1,0,1,1,1,1,25,120,16,4,2016,7,22,15,0,2,4,4,8,BENNINGTON ST,SARATOGA ST,99998,42.38666389,-71.006736110000,0,8,0,0,2,7,0,1,2,1,0,1,0,0000000,22,16,22,18,88,88,99,99,99,1,0
25,250328,1,1,0,1,1,1,1,27,185,25,11,2016,6,14,30,1,2,3,1,3,SR-169 210 SOUTHBRIDGE RD,,99998,42.11872778,-72.009663890000,0,8,0,0,1,1,0,6,1,10,0,10,0,0000000,14,30,14,35,14,55,0,0,0,1,0
25,250329,1,1,0,0,0,2,2,17,5,4,4,2016,2,12,55,1,2,3,1,3,SR-2,,99998,42.48203611,-71.451891670000,0,24,0,0,1,1,0,3,1,4,0,4,0,0000000,12,39,12,47,13,36,0,0,0,1,0
25,250330,1,1,0,2,2,2,2,25,120,18,2,2016,5,20,40,0,2,5,4,8,71 HUMBOLDT AVE,,99998,42.31801389,-71.086250000000,0,8,0,0,1,1,0,1,3,1,0,1,0,0000000,20,41,20,43,21,0,99,99,99,1,0
25,250331,1,1,0,0,0,1,1,15,466,22,7,2016,6,16,0,1,2,1,1,1,I-91,,280,42.39451389,-72.629511110000,0,1,0,0,1,1,0,3,1,1,0,1,0,0000000,99,99,99,99,99,99,0,0,0,1,0
25,250332,2,2,0,0,0,3,3,25,120,30,4,2016,7,11,33,0,2,3,4,8,CHARLES ST,BEACON ST,99998,42.35618056,-71.069450000000,0,12,1,0,2,7,0,1,1,1,0,1,0,0000000,11,35,11,38,11,44,99,99,99,1,0
25,250333,3,1,2,1,3,1,3,17,720,28,6,2016,3,2,35,1,2,1,1,1,I-93,,99998,77.77770000,777.777700000000,0,8,0,0,1,1,2,1,3,1,0,1,0,0000000,99,99,99,99,99,99,14,0,0,1,1
25,250335,1,1,0,1,1,1,1,25,120,7,7,2016,5,18,3,0,2,4,4,8,ALBANY ST,,99998,42.33747778,-71.067908330000,0,8,0,0,1,1,0,1,1,1,0,1,0,0000000,18,4,18,9,18,14,99,99,99,1,0
25,250336,3,1,2,0,4,1,5,27,185,16,3,2016,4,12,0,1,2,1,1,1,I-90,,802,77.77770000,777.777700000000,0,14,0,0,1,1,0,4,1,1,0,1,0,0000000,99,99,99,99,99,99,14,0,0,1,0
25,250337,2,2,0,0,0,3,3,13,1270,12,5,2016,5,21,50,0,2,7,4,8,GARY ROAD,PARKER ST,99998,42.12501944,-72.496897220000,0,12,2,0,2,2,0,1,3,1,0,1,0,0000000,99,99,99,99,99,99,0,0,0,2,1
25,250338,1,1,0,1,1,1,1,17,845,22,2,2016,2,18,2,0,2,7,4,8,MILL STREET,RANGER ROAD,99998,42.28708056,-71.382819440000,0,8,0,0,3,3,0,1,3,1,0,1,0,0000000,99,99,99,99,99,99,0,0,0,1,0
25,250339,1,1,0,1,1,1,1,13,1270,14,5,2016,7,2,34,0,2,4,4,8,ST JAMES AVE,MONTCLAIR ST,99998,42.14039167,-72.572316670000,0,8,0,0,3,3,0,1,3,1,0,1,0,0000000,99,99,99,99,99,99,0,0,0,1,0
25,250340,1,1,0,0,0,1,1,27,565,24,12,2016,7,3,42,0,2,4,1,3,SR-2,,1040,77.77770000,777.777700000000,0,42,0,0,1,1,0,5,2,1,0,1,0,0000000,99,99,99,99,99,99,0,0,0,1,0
25,250341,1,1,0,0,0,1,1,13,1270,22,5,2016,1,1,20,1,2,3,4,8,BICENTENNIAL HWY,,99998,42.09642778,-72.504300000000,0,33,0,0,1,1,0,4,2,1,0,1,0,0000000,99,99,99,99,99,99,0,0,0,1,1
25,250342,2,2,0,0,0,2,2,13,15,2,1,2016,7,18,7,9,2,4,1,3,SR- 159 233 MAIN STREET,,99998,42.08200833,-72.616077780000,0,48,0,0,1,1,0,5,3,10,0,10,0,0000000,99,99,99,99,99,99,0,0,0,1,1
25,250343,1,1,0,1,1,1,1,13,1270,29,5,2016,1,22,30,1,2,3,4,8,700 SUMNER AVE,,99998,42.08751111,-72.551083330000,0,8,0,0,1,1,0,1,3,1,0,1,0,0000000,99,99,99,99,99,99,0,0,0,1,0
25,250344,2,2,0,0,0,2,2,13,1270,17,6,2016,6,8,54,1,2,3,4,8,ST JAMES BLVD,PAGE BLVD,99998,42.13861389,-72.562497220000,0,12,2,0,2,2,0,1,1,1,0,1,0,0000000,99,99,99,99,99,99,0,0,0,1,0
25,250345,1,1,0,1,1,1,1,17,170,5,10,2016,4,8,0,1,2,3,4,3,SR-2A MASSACHUSETTS AVENUE,,99998,77.77770000,777.777700000000,0,9,0,0,1,1,0,1,1,1,0,1,0,0000000,99,99,99,99,99,99,0,0,0,1,0
25,250346,1,1,0,0,0,1,1,13,1270,24,7,2016,1,17,54,1,2,3,4,8,ROOSEVELT AVE,ROOSEVELT TER,99998,42.12018056,-72.553205560000,0,33,0,0,3,3,0,4,1,1,0,1,0,0000000,99,99,99,99,99,99,0,0,0,1,0
25,250347,1,1,0,1,1,1,1,23,140,25,11,2016,6,1,29,0,2,4,4,8,133 NORTH MAIN STREET,,99998,42.08891667,-71.019327780000,0,9,0,0,1,1,0,1,3,1,0,1,0,0000000,99,99,99,99,99,99,0,0,0,1,0
25,250348,1,1,0,1,1,1,1,9,860,23,11,2016,4,13,16,1,2,3,4,8,163 STATE ST,,99998,42.79993056,-70.874719440000,0,8,0,0,1,1,0,1,1,1,0,1,0,0000000,99,99,99,99,99,99,0,0,0,1,0
25,250349,1,1,0,2,2,1,1,17,1375,28,11,2016,2,15,53,0,2,3,3,8,151 WATERTOWN ST,,99998,42.36251389,-71.192486110000,0,8,0,0,1,1,0,1,1,1,0,1,0,0000000,99,99,99,99,99,99,0,0,0,1,0
25,250350,1,1,0,1,1,1,1,13,1270,9,9,2016,6,10,45,1,2,3,4,2,US-20 2223 PAGE BOULEVARD,STEWART GLENN ROAD,99998,42.14908889,-72.505727780000,0,8,0,0,3,3,0,1,1,1,0,1,0,0000000,99,99,99,99,99,99,0,0,0,1,1
25,250352,2,2,0,0,0,3,3,17,845,7,8,2016,1,6,20,0,2,4,4,8,WORCESTER,OAK STREET,99998,42.29503889,-71.329336110000,0,12,6,0,2,2,0,1,1,1,0,1,0,0000000,99,99,99,99,99,99,0,0,0,1,0
25,250353,1,1,0,1,1,1,1,25,1094,13,8,2016,7,23,7,0,2,4,4,8,WARREN ST,INTERVALE ST,99998,42.31216389,-71.082988890000,0,8,0,0,1,1,0,1,2,2,0,2,0,0000000,99,99,99,99,99,99,99,99,99,1,0
25,250354,1,1,0,0,0,1,1,25,120,28,9,2016,4,1,1,1,2,3,1,3,SR-1A MCCLELLAN HGWY,,99998,42.39463333,-71.010513890000,0,59,0,0,1,1,0,4,3,1,0,1,0,0000000,99,99,99,99,99,99,0,0,0,1,1
25,250355,1,1,0,1,1,1,1,25,120,24,8,2016,4,5,20,0,2,7,4,8,EAST NEWTON STREET,,99998,77.77770000,777.777700000000,0,8,0,0,3,98,0,1,3,1,0,1,0,0000000,99,99,99,99,99,99,99,99,99,1,0
25,250356,1,1,0,1,1,1,1,25,120,25,10,2016,3,12,18,1,2,3,4,8,WASHINGTON ST,,99998,42.31486944,-71.099177780000,0,8,0,0,1,1,0,1,1,1,0,1,0,0000000,99,99,99,99,99,99,99,99,99,1,0
25,250357,1,1,0,0,0,3,3,25,120,14,10,2016,6,12,33,0,2,4,4,8,AMERICAN LEGION HIGHWAY,,99998,77.77770000,777.777700000000,0,1,0,0,98,98,0,1,1,1,0,1,0,0000000,99,99,99,99,99,99,0,0,0,1,0
25,250358,1,1,0,1,1,1,1,25,1094,18,11,2016,6,23,44,0,2,4,4,8,115 QUINCY ST,,99998,42.24061111,-71.008708330000,0,8,0,0,1,1,0,1,3,1,0,1,0,0000000,99,99,99,99,99,99,0,0,0,1,0
25,250359,2,2,0,0,0,2,2,9,255,21,11,2016,2,18,0,1,2,3,1,8,NEWBURY ST,NORTH ST,99998,42.58722778,-70.966480560000,0,12,6,0,3,2,0,1,3,1,0,1,0,0000000,99,99,99,99,99,99,0,0,0,1,0
25,250360,1,1,0,1,1,1,1,15,30,6,11,2016,1,21,30,1,2,3,3,8,KELLOGG AVE,NORTH PLEASANF ST,99998,42.37777222,-72.519894440000,0,8,0,0,3,3,0,5,3,1,0,1,0,0000000,99,99,99,99,99,99,0,0,0,1,0
25,250361,1,1,0,0,0,1,1,25,120,28,11,2016,2,22,50,0,2,3,1,3,SR-1A MCCLELLAN HIGHWAY,BYRON STREET,99998,42.38532222,-71.020902780000,0,1,0,0,3,98,0,1,3,1,0,1,0,0000000,99,99,99,99,99,99,99,99,99,1,0
25,250362,1,1,0,1,1,1,1,25,120,16,12,2016,6,16,52,0,2,3,4,8,CUMMINS HWY,,99998,42.26811389,-71.094952780000,0,8,0,0,1,1,0,1,2,1,0,1,0,0000000,99,99,99,99,99,99,99,99,99,1,0
25,250363,2,2,0,0,0,2,2,25,1087,31,12,2016,7,2,5,0,2,3,4,8,AMERICAN LEGION HWY,WALK HILL ST,99998,42.28768333,-71.106775000000,0,12,6,0,2,2,0,1,3,1,0,1,0,0000000,99,99,99,99,99,99,0,0,0,1,0
25,250364,1,1,0,1,1,1,1,25,120,8,12,2016,5,22,25,1,2,3,1,8,MASSACHUSETTS AVENUE,THEODORE GLYNN WAY,99998,42.33082778,-71.069794440000,0,8,0,0,2,4,0,1,2,1,0,1,0,0000000,99,99,99,99,99,99,0,0,0,1,0
25,250365,1,1,0,1,1,1,1,17,1340,3,11,2016,5,22,20,1,2,1,1,1,I-95 S,,99998,42.36775000,-71.269541670000,0,8,0,0,1,1,0,1,2,10,0,10,0,0000000,99,99,99,99,99,99,0,0,0,1,0